{
    "metrics": {
        "http_req_waiting": {
            "p(90)": 1503.6814068,
            "p(95)": 1665.6962596999997,
            "avg": 986.1061032515253,
            "min": 559.449283,
            "med": 775.572848,
            "max": 2348.62329
        },
        "http_req_connecting": {
            "max": 65.249513,
            "p(90)": 0,
            "p(95)": 0,
            "avg": 1.3384075067155066,
            "min": 0,
            "med": 0
        },
        "iterations": {
            "count": 819,
            "rate": 13.02201678202434
        },
        "http_req_blocked": {
            "min": 0.000232,
            "med": 0.00045,
            "max": 284.099802,
            "p(90)": 0.000801,
            "p(95)": 0.0009643999999999997,
            "avg": 6.57189536263735
        },
        "vus": {
            "value": 6,
            "min": 6,
            "max": 20
        },
        "http_req_receiving": {
            "avg": 1.4474086275946285,
            "min": 0.038826,
            "med": 1.005283,
            "max": 44.782744,
            "p(90)": 2.1060096,
            "p(95)": 3.953714199999996
        },
        "data_sent": {
            "count": 81580,
            "rate": 1297.113710717394
        },
        "http_req_duration{expected_response:true}": {
            "avg": 987.6325236410266,
            "min": 561.100136,
            "med": 775.732601,
            "max": 2348.937182,
            "p(90)": 1504.5681766000002,
            "p(95)": 1666.2358527999997
        },
        "iteration_duration": {
            "med": 1273.38546,
            "max": 3125.897911,
            "p(90)": 1992.502285,
            "p(95)": 2101.436968799999,
            "avg": 1484.1891135238093,
            "min": 1061.933723
        },
        "http_req_tls_handshaking": {
            "avg": 0.9464592625152625,
            "min": 0,
            "med": 0,
            "max": 49.269943,
            "p(90)": 0,
            "p(95)": 0
        },
        "http_req_duration": {
            "p(90)": 1504.5681766000002,
            "p(95)": 1666.2358527999997,
            "avg": 987.6325236410266,
            "min": 561.100136,
            "med": 775.732601,
            "max": 2348.937182,
            "thresholds": {
                "p(95)<500": true
            }
        },
        "http_reqs": {
            "count": 819,
            "rate": 13.02201678202434
        },
        "data_received": {
            "rate": 27589.662686613497,
            "count": 1735210
        },
        "http_req_failed": {
            "fails": 819,
            "passes": 0,
            "thresholds": {
                "rate<0.01": false
            },
            "value": 0
        },
        "http_req_sending": {
            "avg": 0.07901176190476189,
            "min": 0.020216,
            "med": 0.069648,
            "max": 1.095105,
            "p(90)": 0.09408060000000003,
            "p(95)": 0.10954059999999996
        },
        "vus_max": {
            "value": 20,
            "min": 20,
            "max": 20
        }
    },
    "root_group": {
        "groups": {},
        "checks": {},
        "name": "",
        "path": "",
        "id": "d41d8cd98f00b204e9800998ecf8427e"
    }
}