{
    "root_group": {
        "name": "",
        "path": "",
        "id": "d41d8cd98f00b204e9800998ecf8427e",
        "groups": {},
        "checks": {}
    },
    "metrics": {
        "http_req_waiting": {
            "avg": 7056.606645444372,
            "min": 553.739703,
            "med": 7034.2032985000005,
            "max": 15203.008922,
            "p(90)": 13034.7938197,
            "p(95)": 13876.1211863
        },
        "data_sent": {
            "count": 259234,
            "rate": 3482.371149031166
        },
        "http_req_connecting": {
            "p(90)": 26.085912099999998,
            "p(95)": 30.643236950000002,
            "avg": 7.372382063672926,
            "min": 0,
            "med": 0,
            "max": 1052.737234
        },
        "http_req_duration": {
            "min": 562.279655,
            "med": 7035.177185500001,
            "max": 15204.173758,
            "p(90)": 13035.360202,
            "p(95)": 13877.4799248,
            "avg": 7058.192141878019,
            "thresholds": {
                "p(95)<1500": true
            }
        },
        "http_req_receiving": {
            "avg": 1.5216422908847196,
            "min": 0.044838,
            "med": 0.9946165,
            "max": 56.378511,
            "p(90)": 2.832883500000002,
            "p(95)": 4.317715550000001
        },
        "data_received": {
            "count": 4258980,
            "rate": 57212.20625496947
        },
        "iterations": {
            "count": 1492,
            "rate": 20.042501193340765
        },
        "http_req_failed": {
            "fails": 1492,
            "passes": 0,
            "thresholds": {
                "rate<0.05": false
            },
            "value": 0
        },
        "vus": {
            "value": 4,
            "min": 4,
            "max": 249
        },
        "http_req_sending": {
            "avg": 0.06385414276139405,
            "min": 0.009814,
            "med": 0.04095,
            "max": 1.663878,
            "p(90)": 0.1118943,
            "p(95)": 0.15335840000000006
        },
        "iteration_duration": {
            "max": 14594.877461,
            "p(90)": 12591.376779500002,
            "p(95)": 13299.1796228,
            "avg": 6921.506990792901,
            "min": 562.369558,
            "med": 6513.5226365
        },
        "http_req_blocked": {
            "max": 1082.508412,
            "p(90)": 57.90742380000001,
            "p(95)": 67.80863025000002,
            "avg": 13.525432650804296,
            "min": 0.000195,
            "med": 0.000497
        },
        "http_reqs": {
            "count": 1492,
            "rate": 20.042501193340765
        },
        "http_req_tls_handshaking": {
            "med": 0,
            "max": 431.09065,
            "p(90)": 30.5092445,
            "p(95)": 34.318597200000006,
            "avg": 5.920501951072383,
            "min": 0
        },
        "vus_max": {
            "max": 250,
            "value": 250,
            "min": 250
        },
        "http_req_duration{expected_response:true}": {
            "avg": 7058.192141878019,
            "min": 562.279655,
            "med": 7035.177185500001,
            "max": 15204.173758,
            "p(90)": 13035.360202,
            "p(95)": 13877.4799248
        }
    }
}